2222,Menita,Koonani,Q1234567,9294048029,abc@123.com
2223,A,S,A2142352,2143252353,abc@123.com
2224,B,T,Q1234568,9294048029,abc@123.com
2225,C,U,A2142353,2143252353,abc@123.com
2226,D,V,Q1234569,2143252353,abc@123.com
2227,E,W,A2142354,1234567890,abc@123.com
2228,F,X,Q1234570,9294048029,abc@123.com
2229,G,Y,A2142355,2143252353,abc@123.com
2230,H,Z,Q1234571,9294048029,abc@123.com
2231,I,A,A2142356,2143252353,abc@123.com
2232,J,B,Q1234572,2143252353,abc@123.com
2233,K,C,A2142357,1234567890,abc@123.com
2234,L,D,Q1234573,9294048029,abc@123.com
2235,M,E,A2142358,2143252353,abc@123.com
2236,N,F,Q1234574,9294048029,abc@123.com
2237,O,G,A2142359,2143252353,abc@123.com
2238,P,H,Q1234575,2143252353,abc@123.com
2239,Q,I,A2142360,1234567890,abc@123.com
2240,R,J,Q1234576,1234567890,abc@123.com
